_id,type,severity,hostname,status,message,resolvedAt,createdAt,__v,trigger_id
67c6b7f1a6923c3623337b25,host,warning,SW Fl.4,EVENT,[SW Fl.4] Interface GigabitEthernet6 Operational Status changed from up --> down,,2025-03-04T08:21:05.965Z,0,
67c6b82da6923c362333dde8,host,warning,SW Fl.4,EVENT,[SW Fl.4] Interface GigabitEthernet6 Operational Status changed from down --> up,,2025-03-04T08:22:05.984Z,0,
67c6b8a5a6923c362334a2d7,host,warning,SW Fl.4,EVENT,[SW Fl.4] Interface GigabitEthernet6 Operational Status changed from up --> down,,2025-03-04T08:24:05.981Z,0,
67c6b8e1a6923c3623350506,host,warning,SW Fl.4,EVENT,[SW Fl.4] Interface GigabitEthernet6 Operational Status changed from down --> up,,2025-03-04T08:25:05.975Z,0,
67c6b95aa6923c362335ca89,host,warning,SW Fl.4,EVENT,[SW Fl.4] Interface GigabitEthernet6 Operational Status changed from up --> down,,2025-03-04T08:27:06.002Z,0,
67c6b995a6923c3623362d02,host,warning,SW Fl.4,EVENT,[SW Fl.4] Interface GigabitEthernet6 Operational Status changed from down --> up,,2025-03-04T08:28:05.997Z,0,
67c6c67aa6923c36234b611c,host,warning,SW Fl.5,EVENT,[SW Fl.5] Interface GigabitEthernet16 Operational Status changed from up --> down,,2025-03-04T09:23:06.634Z,0,
67c6cb2aa6923c3623530ada,host,warning,SW Fl.4,EVENT,[SW Fl.4] Interface GigabitEthernet5 Operational Status changed from up --> down,,2025-03-04T09:43:06.040Z,0,
67c6d33da5bd055af1244551,host,warning,SW Fl.5,EVENT,[SW Fl.5] Interface GigabitEthernet5 Operational Status changed from up --> down,,2025-03-04T10:17:33.483Z,0,
67c6d594a5bd055af128191d,host,warning,SW Fl.4,EVENT,[SW Fl.4] Interface GigabitEthernet6 Operational Status changed from up --> down,,2025-03-04T10:27:32.935Z,0,
67c6d5d0a5bd055af1287b3f,host,warning,SW Fl.4,EVENT,[SW Fl.4] Interface GigabitEthernet6 Operational Status changed from down --> up,,2025-03-04T10:28:32.929Z,0,
67c6eb9da5bd055af14ca38f,host,warning,SW Fl.4,EVENT,[SW Fl.4] Interface GigabitEthernet6 Operational Status changed from up --> down,,2025-03-04T12:01:33.364Z,0,
67c6ebd9a5bd055af14d0855,host,warning,SW Fl.4,EVENT,[SW Fl.4] Interface GigabitEthernet6 Operational Status changed from down --> up,,2025-03-04T12:02:33.375Z,0,
67c71dc5a5bd055af1a11984,host,warning,SW Fl.4,EVENT,[SW Fl.4] Interface GigabitEthernet6 Operational Status changed from up --> down,,2025-03-04T15:35:33.670Z,0,
67c71e01a5bd055af1a17e07,host,warning,SW Fl.4,EVENT,[SW Fl.4] Interface GigabitEthernet6 Operational Status changed from down --> up,,2025-03-04T15:36:33.663Z,0,
67c74d8175f9c4c6e7b8c4b8,host,critical,HP,RESOLVED,HP [100.10.181.20] is down. Please check your SNMP configuration or device status.,2025-03-04T19:00:03.751Z,2025-03-04T18:59:13.572Z,0,
67c75d2c9aa53fc50e27b02c,host,warning,SW Fl.4,EVENT,[SW Fl.4] Interface GigabitEthernet6 Operational Status changed from up --> down,,2025-03-04T20:06:04.455Z,0,
67c75d689aa53fc50e281563,host,warning,SW Fl.4,EVENT,[SW Fl.4] Interface GigabitEthernet6 Operational Status changed from down --> up,,2025-03-04T20:07:04.495Z,0,
67c7983d9aa53fc50e8bb152,host,warning,SW Fl.4,EVENT,[SW Fl.4] Interface GigabitEthernet6 Operational Status changed from up --> down,,2025-03-05T00:18:05.363Z,0,
67c798799aa53fc50e8c1546,host,warning,SW Fl.4,EVENT,[SW Fl.4] Interface GigabitEthernet6 Operational Status changed from down --> up,,2025-03-05T00:19:05.359Z,0,
67c799e19aa53fc50e8e7755,host,warning,SW Fl.4,EVENT,[SW Fl.4] Interface GigabitEthernet6 Operational Status changed from up --> down,,2025-03-05T00:25:05.352Z,0,
67c79a1d9aa53fc50e8edc3d,host,warning,SW Fl.4,EVENT,[SW Fl.4] Interface GigabitEthernet6 Operational Status changed from down --> up,,2025-03-05T00:26:05.369Z,0,
67c7a5999aa53fc50ea25041,host,warning,SW Fl.4,EVENT,[SW Fl.4] Interface GigabitEthernet38 Operational Status changed from down --> up,,2025-03-05T01:15:05.476Z,0,
67c7aca29aa53fc50eae4128,host,warning,SW Fl.5,EVENT,[SW Fl.5] Interface GigabitEthernet16 Operational Status changed from down --> up,,2025-03-05T01:45:06.248Z,0,
67c7b0619aa53fc50eb4915c,host,warning,SW Fl.4,EVENT,[SW Fl.4] Interface GigabitEthernet5 Operational Status changed from down --> up,,2025-03-05T02:01:05.652Z,0,
67c7b9c475f9c4c6e7b8c4b9,item,critical,SW Fl.4,RESOLVED,last(Total Inbound Traffic) > 41000000,2025-03-05T02:45:08.056Z,2025-03-05T02:41:08.050Z,0,67c6f851a5bd055af161fde6
67c7b9c475f9c4c6e7b8c4ba,item,warning,SW Fl.4,RESOLVED,last(Total Inbound Traffic) > 22000000,2025-03-05T02:45:08.082Z,2025-03-05T02:41:08.052Z,0,67c6f83aa5bd055af16199ff
67c7bdf975f9c4c6e7b8c4bb,item,warning,SW Fl.5,RESOLVED,last(Total Inbound Traffic) > 60000000,2025-03-05T02:59:05.731Z,2025-03-05T02:59:05.706Z,0,67c6f5d7a5bd055af15dac35
67c7bdf975f9c4c6e7b8c4bc,item,warning,SW Fl.5,RESOLVED,last(Total Outbound Traffic) > 60000000,2025-03-05T03:02:05.831Z,2025-03-05T02:59:05.846Z,0,67c6f63ca5bd055af15e7290
67c7c57975f9c4c6e7b8c4bd,item,warning,SW Fl.5,RESOLVED,last(Total Outbound Traffic) > 60000000,2025-03-05T03:34:05.897Z,2025-03-05T03:31:05.846Z,0,67c6f63ca5bd055af15e7290
67c7c6e29aa53fc50edab579,host,warning,SW Fl.5,EVENT,[SW Fl.5] Interface GigabitEthernet5 Operational Status changed from down --> up,,2025-03-05T03:37:06.569Z,0,
67c7d29a9aa53fc50eee8d6c,host,warning,SW Fl.5,EVENT,[SW Fl.5] Interface GigabitEthernet16 Operational Status changed from up --> down,,2025-03-05T04:27:06.711Z,0,
67c7d8769aa53fc50ef8678b,host,warning,SW Fl.4,EVENT,[SW Fl.4] Interface GigabitEthernet6 Operational Status changed from up --> down,,2025-03-05T04:52:06.133Z,0,
67c7d8b29aa53fc50ef8ce2f,host,warning,SW Fl.4,EVENT,[SW Fl.4] Interface GigabitEthernet6 Operational Status changed from down --> up,,2025-03-05T04:53:06.111Z,0,
67c7e5969aa53fc50e0eb37b,host,warning,SW Fl.5,EVENT,[SW Fl.5] Interface GigabitEthernet16 Operational Status changed from down --> up,,2025-03-05T05:48:06.970Z,0,
67c7ec96415111ced279d623,host,critical,HP,RESOLVED,HP [10.10.181.20] is down. Please check your SNMP configuration or device status.,2025-03-05T06:18:48.273Z,2025-03-05T06:17:58.259Z,0,
67c7eeb4415111ced279d624,item,warning,SW Fl.4,RESOLVED,last(Total Inbound Traffic) > 1000000,2025-03-05T06:31:00.430Z,2025-03-05T06:27:00.436Z,0,67c6f83aa5bd055af16199ff
67c7efa4415111ced279d625,item,warning,SW Fl.4,RESOLVED,last(Total Inbound Traffic) > 1800000,2025-03-05T06:37:00.430Z,2025-03-05T06:31:00.444Z,0,67c6f83aa5bd055af16199ff
67c7f2ec415111ced279d626,item,warning,SW Fl.4,RESOLVED,last(Total Inbound Traffic) > 2200000,2025-03-05T06:48:00.440Z,2025-03-05T06:45:00.457Z,0,67c6f83aa5bd055af16199ff
67c7fbd4415111ced279d627,item,warning,SW Fl.4,RESOLVED,last(Total Inbound Traffic) > 2200000,2025-03-05T07:32:00.466Z,2025-03-05T07:23:00.463Z,0,67c6f83aa5bd055af16199ff
67c7ff55415111ced279d628,item,warning,SW Fl.4,RESOLVED,last(Total Inbound Traffic) > 2200000,2025-03-05T07:47:00.587Z,2025-03-05T07:37:57.617Z,0,67c6f83aa5bd055af16199ff
67c800bda57f27926c94fbc3,host,warning,SW Fl.4,EVENT,[SW Fl.4] Interface GigabitEthernet38 Operational Status changed from up --> down,,2025-03-05T07:43:57.639Z,0,
67c80962306d909b4a0c5ea9,item,warning,SW Fl.4,RESOLVED,last(Total Inbound Traffic) > 1,2025-03-05T08:24:50.428Z,2025-03-05T08:20:50.432Z,0,67c6f83aa5bd055af16199ff
67c80f3e306d909b4a0c5eaa,item,warning,SW Fl.4,RESOLVED,last(Total Inbound Traffic) > 2200000,2025-03-05T08:50:50.424Z,2025-03-05T08:45:50.432Z,0,67c8091e9afaa0bdd32e63bd
67c81376306d909b4a0c5eab,item,warning,SW Fl.4,RESOLVED,last(Total Inbound Traffic) > 2200000,2025-03-05T09:12:50.444Z,2025-03-05T09:03:50.449Z,0,67c8091e9afaa0bdd32e63bd
67c818249afaa0bdd347dd0f,host,warning,SW Fl.5,EVENT,[SW Fl.5] Interface GigabitEthernet16 Operational Status changed from up --> down,,2025-03-05T09:23:48.273Z,0,
67c818d79afaa0bdd3490305,host,warning,SW Fl.4,EVENT,[SW Fl.4] Interface GigabitEthernet2 Operational Status changed from up --> down,,2025-03-05T09:26:47.726Z,0,
67c819139afaa0bdd34969fe,host,warning,SW Fl.4,EVENT,[SW Fl.4] Interface GigabitEthernet2 Operational Status changed from down --> up,,2025-03-05T09:27:47.730Z,0,
67c824189afaa0bdd35c1642,host,warning,SW Fl.5,EVENT,[SW Fl.5] Interface GigabitEthernet5 Operational Status changed from up --> down,,2025-03-05T10:14:48.363Z,0,
67c83f6dc3ba206c6ff6d8c3,host,warning,SW Fl.4,EVENT,[SW Fl.4] Interface GigabitEthernet6 Operational Status changed.,,2025-03-05T12:11:25.161Z,0,
67c83fa9c3ba206c6ff73f9e,host,warning,SW Fl.4,EVENT,[SW Fl.4] Interface GigabitEthernet6 Operational Status changed.,,2025-03-05T12:12:25.149Z,0,
67c85aea306d909b4a0c5eac,item,warning,SW Fl.4,RESOLVED,last(Total Inbound Traffic) > 2200000,2025-03-05T14:12:42.055Z,2025-03-05T14:08:42.051Z,0,67c8091e9afaa0bdd32e63bd
67c85f22306d909b4a0c5ead,item,warning,SW Fl.4,RESOLVED,last(Total Inbound Traffic) > 2200000,2025-03-05T14:26:42.093Z,2025-03-05T14:26:42.061Z,0,67c8091e9afaa0bdd32e63bd
67c8622e306d909b4a0c5eaf,item,warning,SW Fl.4,RESOLVED,last(Total Inbound Traffic) > 2200000,2025-03-05T14:42:42.086Z,2025-03-05T14:39:42.082Z,0,67c8091e9afaa0bdd32e63bd
67c86e5bd86497dd55736281,host,warning,SW Fl.4,EVENT,[SW Fl.4] Interface GigabitEthernet6 Operational Status changed. up --> down,,2025-03-05T15:31:39.299Z,0,
67c86e97d86497dd5573c6b2,host,warning,SW Fl.4,EVENT,[SW Fl.4] Interface GigabitEthernet6 Operational Status changed. down --> up,,2025-03-05T15:32:39.289Z,0,
67c8e787d2475d92bd902a67,host,warning,SW Fl.4,EVENT,[SW Fl.4] Interface GigabitEthernet6 Operational Status changed. up --> down,,2025-03-06T00:08:39.407Z,0,
67c8e7c3d2475d92bd9091da,host,warning,SW Fl.4,EVENT,[SW Fl.4] Interface GigabitEthernet6 Operational Status changed. down --> up,,2025-03-06T00:09:39.449Z,0,
67c8eacfd2475d92bd95b71e,host,warning,SW Fl.4,EVENT,[SW Fl.4] Interface GigabitEthernet6 Operational Status changed. up --> down,,2025-03-06T00:22:39.437Z,0,
67c8eb0bd2475d92bd961e3c,host,warning,SW Fl.4,EVENT,[SW Fl.4] Interface GigabitEthernet6 Operational Status changed. down --> up,,2025-03-06T00:23:39.440Z,0,
67c8f0e7d2475d92bda0084e,host,warning,SW Fl.4,EVENT,[SW Fl.4] Interface GigabitEthernet3 Operational Status changed. up --> down,,2025-03-06T00:48:39.474Z,0,
67c8f123d2475d92bda06ba4,host,warning,SW Fl.4,EVENT,[SW Fl.4] Interface GigabitEthernet3 Operational Status changed. down --> up,,2025-03-06T00:49:39.448Z,0,
67c8f19bd2475d92bda13927,host,warning,SW Fl.4,EVENT,[SW Fl.4] Interface GigabitEthernet6 Operational Status changed. up --> down,,2025-03-06T00:51:39.503Z,0,
67c8f1d7d2475d92bda19c8b,host,warning,SW Fl.4,EVENT,[SW Fl.4] Interface GigabitEthernet6 Operational Status changed. down --> up,,2025-03-06T00:52:39.475Z,0,
67c8f3f3d2475d92bda533bd,host,warning,SW Fl.4,EVENT,[SW Fl.4] Interface GigabitEthernet6 Operational Status changed. up --> down,,2025-03-06T01:01:39.501Z,0,
67c8f42fd2475d92bda5985d,host,warning,SW Fl.4,EVENT,[SW Fl.4] Interface GigabitEthernet6 Operational Status changed. down --> up,,2025-03-06T01:02:39.504Z,0,
67c90204d2475d92bdbd1789,host,warning,SW Fl.5,EVENT,[SW Fl.5] Interface GigabitEthernet16 Operational Status changed. down --> up,,2025-03-06T02:01:40.369Z,0,
67c90894d2475d92bdc83224,host,warning,SW Fl.5,EVENT,[SW Fl.5] Interface GigabitEthernet5 Operational Status changed. down --> up,,2025-03-06T02:29:40.444Z,0,
67c93dd1b79d719491a0bdf8,host,critical,Brother MCF-2140,RESOLVED,Brother MCF-2140 [110.10.181.79] is down. Please check your SNMP configuration or device status.,2025-03-06T06:18:39.667Z,2025-03-06T06:16:49.633Z,0,
67c96a51d2475d92bd6db844,host,warning,SW Fl.5,EVENT,[SW Fl.5] Interface GigabitEthernet16 Operational Status changed. up --> down,,2025-03-06T09:26:41.842Z,0,
67c96ce5d2475d92bd720969,host,warning,SW Fl.4,EVENT,[SW Fl.4] Interface GigabitEthernet5 Operational Status changed. up --> down,,2025-03-06T09:37:41.376Z,0,
67c970a5b79d719491a0bdf9,item,critical,SW Fl.5,RESOLVED,last(Total Inbound Traffic) > 78000000,2025-03-06T10:16:41.447Z,2025-03-06T09:53:41.207Z,0,67c6f5e7a5bd055af15dac50
67c972c1d2475d92bd7bfa09,host,warning,SW Fl.4,EVENT,[SW Fl.4] Interface GigabitEthernet1 Operational Status changed. up --> down,,2025-03-06T10:02:41.588Z,0,
67c98852d2475d92bda08100,host,warning,SW Fl.5,EVENT,[SW Fl.5] Interface GigabitEthernet5 Operational Status changed. up --> down,,2025-03-06T11:34:42.296Z,0,
67c99a21d2475d92bdbe8e8c,host,warning,SW Fl.4,EVENT,[SW Fl.4] Interface GigabitEthernet6 Operational Status changed. up --> down,,2025-03-06T12:50:41.829Z,0,
67c99a5dd2475d92bdbef28e,host,warning,SW Fl.4,EVENT,[SW Fl.4] Interface GigabitEthernet6 Operational Status changed. down --> up,,2025-03-06T12:51:41.808Z,0,
67c9a616d2475d92bdd2ca58,host,warning,SW Fl.4,EVENT,[SW Fl.4] Interface GigabitEthernet6 Operational Status changed. up --> down,,2025-03-06T13:41:42.047Z,0,
67c9a68dd2475d92bdd392fc,host,warning,SW Fl.4,EVENT,[SW Fl.4] Interface GigabitEthernet6 Operational Status changed. down --> up,,2025-03-06T13:43:41.982Z,0,
67c9bba6d2475d92bdf74836,host,warning,SW Fl.4,EVENT,[SW Fl.4] Interface GigabitEthernet6 Operational Status changed. up --> down,,2025-03-06T15:13:42.260Z,0,
67c9bbe2d2475d92bdf7addd,host,warning,SW Fl.4,EVENT,[SW Fl.4] Interface GigabitEthernet6 Operational Status changed. down --> up,,2025-03-06T15:14:42.303Z,0,
67c9ce2ab79d719491a0bdfb,item,warning,SW Fl.5,RESOLVED,last(Total Inbound Traffic) > 2200000,2025-03-06T16:36:43.280Z,2025-03-06T16:32:42.188Z,0,67c8091e9afaa0bdd32e63bd
67c9d136d2475d92bd1bcb77,host,warning,SW Fl.4,EVENT,[SW Fl.4] Interface GigabitEthernet6 Operational Status changed. up --> down,,2025-03-06T16:45:42.407Z,0,
67c9d172d2475d92bd1c2fdf,host,warning,SW Fl.4,EVENT,[SW Fl.4] Interface GigabitEthernet6 Operational Status changed. down --> up,,2025-03-06T16:46:42.412Z,0,
67ca071fd2475d92bd7716cb,host,warning,SW Fl.4,EVENT,[SW Fl.4] Interface GigabitEthernet6 Operational Status changed. up --> down,,2025-03-06T20:35:43.502Z,0,
67ca075bd2475d92bd777d26,host,warning,SW Fl.4,EVENT,[SW Fl.4] Interface GigabitEthernet6 Operational Status changed. down --> up,,2025-03-06T20:36:43.555Z,0,
67ca0b57d2475d92bd7e37af,host,warning,SW Fl.4,EVENT,[SW Fl.4] Interface GigabitEthernet6 Operational Status changed. up --> down,,2025-03-06T20:53:43.569Z,0,
67ca0b93d2475d92bd7ead4a,host,warning,SW Fl.4,EVENT,[SW Fl.4] Interface GigabitEthernet6 Operational Status changed. down --> up,,2025-03-06T20:54:43.870Z,0,
67ca11abd2475d92bd88effc,host,warning,SW Fl.4,EVENT,[SW Fl.4] Interface GigabitEthernet6 Operational Status changed. up --> down,,2025-03-06T21:20:43.692Z,0,
67ca11e7d2475d92bd895054,host,warning,SW Fl.4,EVENT,[SW Fl.4] Interface GigabitEthernet6 Operational Status changed. down --> up,,2025-03-06T21:21:43.571Z,0,
67ca534dd2475d92bdf8251d,host,warning,SW Fl.5,EVENT,[SW Fl.5] Interface GigabitEthernet16 Operational Status changed. down --> up,,2025-03-07T02:00:45.234Z,0,
67ca5478d2475d92bdf9f66f,host,warning,SW Fl.4,EVENT,[SW Fl.4] Interface GigabitEthernet6 Operational Status changed. up --> down,,2025-03-07T02:05:44.133Z,0,
67ca54b4d2475d92bdfa59ec,host,warning,SW Fl.4,EVENT,[SW Fl.4] Interface GigabitEthernet6 Operational Status changed. down --> up,,2025-03-07T02:06:44.077Z,0,
67ca5694d2475d92bdfd868e,host,warning,SW Fl.4,EVENT,[SW Fl.4] Interface GigabitEthernet14 Operational Status changed. up --> down,,2025-03-07T02:14:44.118Z,0,
67ca56d0d2475d92bdfdedb5,host,warning,SW Fl.4,EVENT,[SW Fl.4] Interface GigabitEthernet14 Operational Status changed. down --> up,,2025-03-07T02:15:44.146Z,0,
67ca59dcd2475d92bd031379,host,warning,SW Fl.4,EVENT,[SW Fl.4] Interface GigabitEthernet5 Operational Status changed. down --> up,,2025-03-07T02:28:44.156Z,0,
67ca5e14d2475d92bd0a4e79,host,warning,SW Fl.5,EVENT,[SW Fl.5] Interface GigabitEthernet5 Operational Status changed. down --> up,,2025-03-07T02:46:44.948Z,0,
67ca5e8cd2475d92bd0affd1,host,warning,SW Fl.4,EVENT,[SW Fl.4] Interface GigabitEthernet1 Operational Status changed. down --> up,,2025-03-07T02:48:44.118Z,0,
67ca7c8db79d719491a0bdfc,item,warning,SW Fl.4,RESOLVED,last(Total Inbound Traffic) > 2200000,2025-03-07T05:01:45.641Z,2025-03-07T04:56:45.598Z,0,67c8091e9afaa0bdd32e63bd
67ca9b7dd2475d92bd7242b5,host,warning,SW Fl.5,EVENT,[SW Fl.5] Interface GigabitEthernet16 Operational Status changed. up --> down,,2025-03-07T07:08:45.653Z,0,
67cab97eb79d719491a0bdfd,item,warning,SW Fl.4,RESOLVED,last(Total Inbound Traffic) > 2200000,2025-03-07T09:39:46.359Z,2025-03-07T09:16:46.314Z,0,67c8091e9afaa0bdd32e63bd
67cab9f5d2475d92bda5b5ba,host,warning,SW Fl.4,EVENT,[SW Fl.4] Interface GigabitEthernet1 Operational Status changed. up --> down,,2025-03-07T09:18:45.446Z,0,
67cabb22d2475d92bda7ce8b,host,warning,SW Fl.5,EVENT,[SW Fl.5] Interface GigabitEthernet5 Operational Status changed. up --> down,,2025-03-07T09:23:46.082Z,0,
67cac1b2b79d719491a0bdfe,item,warning,SW Fl.4,RESOLVED,last(Total Inbound Traffic) > 2200000,2025-03-07T10:05:46.411Z,2025-03-07T09:51:46.398Z,0,67c8091e9afaa0bdd32e63bd
67cac1edd2475d92bdb32cb7,host,warning,SW Fl.4,EVENT,[SW Fl.4] Interface GigabitEthernet5 Operational Status changed. up --> down,,2025-03-07T09:52:45.413Z,0,
67cac355d2475d92bdb595f0,host,warning,SW Fl.4,EVENT,[SW Fl.4] Interface GigabitEthernet5 Operational Status changed. down --> up,,2025-03-07T09:58:45.682Z,0,
67cac3cdd2475d92bdb65f7c,host,warning,SW Fl.4,EVENT,[SW Fl.4] Interface GigabitEthernet5 Operational Status changed. up --> down,,2025-03-07T10:00:45.550Z,0,
67cad075d2475d92bdcbc5c6,host,warning,SW Fl.4,EVENT,[SW Fl.4] Interface GigabitEthernet5 Operational Status changed. down --> up,,2025-03-07T10:54:45.621Z,0,
67cad129d2475d92bdccfd31,host,warning,SW Fl.4,EVENT,[SW Fl.4] Interface GigabitEthernet6 Operational Status changed. up --> down,,2025-03-07T10:57:45.840Z,0,
67cad165d2475d92bdcd5c74,host,warning,SW Fl.4,EVENT,[SW Fl.4] Interface GigabitEthernet6 Operational Status changed. down --> up,,2025-03-07T10:58:45.643Z,0,
67cad561d2475d92bdd41d77,host,warning,SW Fl.4,EVENT,[SW Fl.4] Interface GigabitEthernet6 Operational Status changed. up --> down,,2025-03-07T11:15:45.610Z,0,
67cad59dd2475d92bdd48556,host,warning,SW Fl.4,EVENT,[SW Fl.4] Interface GigabitEthernet6 Operational Status changed. down --> up,,2025-03-07T11:16:45.780Z,0,
67cae119d2475d92bde7f465,host,warning,SW Fl.4,EVENT,[SW Fl.4] Interface GigabitEthernet6 Operational Status changed. up --> down,,2025-03-07T12:05:45.681Z,0,
67cae155d2475d92bde858d2,host,warning,SW Fl.4,EVENT,[SW Fl.4] Interface GigabitEthernet6 Operational Status changed. down --> up,,2025-03-07T12:06:45.750Z,0,
67caea79d2475d92bdf7ce8b,host,warning,SW Fl.4,EVENT,[SW Fl.4] Interface GigabitEthernet5 Operational Status changed. up --> down,,2025-03-07T12:45:45.768Z,0,
67cb09a6d2475d92bd2c8ff6,host,warning,SW Fl.4,EVENT,[SW Fl.4] Interface GigabitEthernet6 Operational Status changed. up --> down,,2025-03-07T14:58:46.243Z,0,
67cb09e2d2475d92bd2cf449,host,warning,SW Fl.4,EVENT,[SW Fl.4] Interface GigabitEthernet6 Operational Status changed. down --> up,,2025-03-07T14:59:46.261Z,0,
67cb245ed2475d92bd59c706,host,warning,SW Fl.4,EVENT,[SW Fl.4] Interface GigabitEthernet6 Operational Status changed. up --> down,,2025-03-07T16:52:46.623Z,0,
67cb249ad2475d92bd5a2f7f,host,warning,SW Fl.4,EVENT,[SW Fl.4] Interface GigabitEthernet6 Operational Status changed. down --> up,,2025-03-07T16:53:46.655Z,0,
67cb48eed2475d92bd97ad67,host,warning,SW Fl.4,EVENT,[SW Fl.4] Interface GigabitEthernet6 Operational Status changed. up --> down,,2025-03-07T19:28:46.997Z,0,
67cb492ad2475d92bd9811c6,host,warning,SW Fl.4,EVENT,[SW Fl.4] Interface GigabitEthernet6 Operational Status changed. down --> up,,2025-03-07T19:29:46.969Z,0,
67cb627bd2475d92bdc2ebc2,host,warning,SW Fl.4,EVENT,[SW Fl.4] Interface GigabitEthernet6 Operational Status changed. up --> down,,2025-03-07T21:17:47.205Z,0,
67cb62b7d2475d92bdc3528f,host,warning,SW Fl.4,EVENT,[SW Fl.4] Interface GigabitEthernet6 Operational Status changed. down --> up,,2025-03-07T21:18:47.246Z,0,
67cb8693d2475d92bd00027e,host,warning,SW Fl.4,EVENT,[SW Fl.4] Interface GigabitEthernet6 Operational Status changed. up --> down,,2025-03-07T23:51:47.632Z,0,
67cb86cfd2475d92bd006b9c,host,warning,SW Fl.4,EVENT,[SW Fl.4] Interface GigabitEthernet6 Operational Status changed. down --> up,,2025-03-07T23:52:47.667Z,0,
67cb9a07d2475d92bd20f0ca,host,warning,SW Fl.4,EVENT,[SW Fl.4] Interface GigabitEthernet6 Operational Status changed. up --> down,,2025-03-08T01:14:47.736Z,0,
67cb9a43d2475d92bd215c21,host,warning,SW Fl.4,EVENT,[SW Fl.4] Interface GigabitEthernet6 Operational Status changed. down --> up,,2025-03-08T01:15:47.894Z,0,
67cb9a7fd2475d92bd21bce0,host,warning,SW Fl.4,EVENT,[SW Fl.4] Interface GigabitEthernet6 Operational Status changed. up --> down,,2025-03-08T01:16:47.813Z,0,
67cb9abbd2475d92bd22234e,host,warning,SW Fl.4,EVENT,[SW Fl.4] Interface GigabitEthernet6 Operational Status changed. down --> up,,2025-03-08T01:17:47.791Z,0,
67cbc348d2475d92bd66c389,host,warning,SW Fl.4,EVENT,[SW Fl.4] Interface GigabitEthernet6 Operational Status changed. up --> down,,2025-03-08T04:10:48.323Z,0,
67cbc384d2475d92bd672959,host,warning,SW Fl.4,EVENT,[SW Fl.4] Interface GigabitEthernet6 Operational Status changed. down --> up,,2025-03-08T04:11:48.340Z,0,
67cc238eb79d719491a0be00,item,warning,SW Fl.4,RESOLVED,last(Total Inbound Traffic) > 80 K,2025-03-08T11:05:34.634Z,2025-03-08T11:01:34.605Z,0,67cc229263c13dc39fc095d7
67cc25aab79d719491a0be01,item,warning,SW Fl.4,RESOLVED,last(Total Inbound Traffic) > 80 K,2025-03-08T11:15:34.631Z,2025-03-08T11:10:34.645Z,0,67cc229263c13dc39fc095d7
67cc33f6b79d719491a0be02,item,warning,SW Fl.4,RESOLVED,last(Total Inbound Traffic) > 100 K,2025-03-08T12:12:34.676Z,2025-03-08T12:11:34.654Z,0,67cc23d863c13dc39fc2fcc7
67cc3c47767f29d66f2d9edf,host,warning,SW Fl.4,EVENT,[SW Fl.4] Interface GigabitEthernet6 Operational Status changed. up --> down,,2025-03-08T12:47:03.279Z,0,
67cc3c83767f29d66f2e06fe,host,warning,SW Fl.4,EVENT,[SW Fl.4] Interface GigabitEthernet6 Operational Status changed. down --> up,,2025-03-08T12:48:03.302Z,0,
67cc3c86b79d719491a0be03,item,warning,SW Fl.4,RESOLVED,last(Total Inbound Traffic) > 100 K,2025-03-08T12:50:06.784Z,2025-03-08T12:48:06.816Z,0,67cc385063c13dc39fe5b546
67cc78fc767f29d66f947eaa,host,warning,SW Fl.4,EVENT,[SW Fl.4] Interface GigabitEthernet6 Operational Status changed. up --> down,,2025-03-08T17:06:04.854Z,0,
67cc7938767f29d66f94d851,host,warning,SW Fl.4,EVENT,[SW Fl.4] Interface GigabitEthernet6 Operational Status changed. down --> up,,2025-03-08T17:07:04.123Z,0,
67cc8f04767f29d66fb9c14e,host,warning,SW Fl.4,EVENT,[SW Fl.4] Interface GigabitEthernet6 Operational Status changed. up --> down,,2025-03-08T18:40:04.409Z,0,
67cc8f40767f29d66fba2554,host,warning,SW Fl.4,EVENT,[SW Fl.4] Interface GigabitEthernet6 Operational Status changed. down --> up,,2025-03-08T18:41:04.398Z,0,
67ccf625767f29d66f685a6f,host,warning,SW Fl.4,EVENT,[SW Fl.4] Interface GigabitEthernet6 Operational Status changed. up --> down,,2025-03-09T02:00:05.639Z,0,
67ccf661767f29d66f68be78,host,warning,SW Fl.4,EVENT,[SW Fl.4] Interface GigabitEthernet6 Operational Status changed. down --> up,,2025-03-09T02:01:05.610Z,0,
67cd20ce767f29d66fb0909f,host,warning,SW Fl.4,EVENT,[SW Fl.4] Interface GigabitEthernet6 Operational Status changed. up --> down,,2025-03-09T05:02:06.171Z,0,
67cd210a767f29d66fb0fa3b,host,warning,SW Fl.4,EVENT,[SW Fl.4] Interface GigabitEthernet6 Operational Status changed. down --> up,,2025-03-09T05:03:06.236Z,0,
67cd774b767f29d66f42fcc5,host,warning,SW Fl.4,EVENT,[SW Fl.4] Interface GigabitEthernet6 Operational Status changed. up --> down,,2025-03-09T11:11:07.011Z,0,
67cd7787767f29d66f43607e,host,warning,SW Fl.4,EVENT,[SW Fl.4] Interface GigabitEthernet6 Operational Status changed. down --> up,,2025-03-09T11:12:07.017Z,0,
67cdbc71b79d719491a0be04,item,warning,SW Fl.4,RESOLVED,last(Total Inbound Traffic) > 100 K,2025-03-09T16:09:09.129Z,2025-03-09T16:06:09.127Z,0,67cc385063c13dc39fe5b546
67cdbe15b79d719491a0be05,item,warning,SW Fl.4,RESOLVED,last(Total Inbound Traffic) > 100 K,2025-03-09T16:15:09.164Z,2025-03-09T16:13:09.390Z,0,67cc385063c13dc39fe5b546
67cdfa8c767f29d66f223618,host,warning,SW Fl.4,EVENT,[SW Fl.4] Interface GigabitEthernet6 Operational Status changed. up --> down,,2025-03-09T20:31:08.592Z,0,
67cdfac8767f29d66f229bed,host,warning,SW Fl.4,EVENT,[SW Fl.4] Interface GigabitEthernet6 Operational Status changed. down --> up,,2025-03-09T20:32:08.581Z,0,
67ce0af4767f29d66f3e3b62,host,warning,SW Fl.4,EVENT,[SW Fl.4] Interface GigabitEthernet6 Operational Status changed. up --> down,,2025-03-09T21:41:08.630Z,0,
67ce0b30767f29d66f3ea091,host,warning,SW Fl.4,EVENT,[SW Fl.4] Interface GigabitEthernet6 Operational Status changed. down --> up,,2025-03-09T21:42:08.618Z,0,
67ce476eb79d719491a0be06,item,warning,SW Fl.4,RESOLVED,last(Total Inbound Traffic) > 2.2 M,2025-03-10T02:00:08.121Z,2025-03-10T01:59:10.162Z,0,67c8091e9afaa0bdd32e63bd
67ce489ab79d719491a0be07,item,warning,SW Fl.4,RESOLVED,last(Total Inbound Traffic) > 2.2 M,2025-03-10T02:06:08.128Z,2025-03-10T02:04:10.169Z,0,67c8091e9afaa0bdd32e63bd
67ce494d767f29d66fa8b2f1,host,warning,SW Fl.4,EVENT,[SW Fl.4] Interface GigabitEthernet5 Operational Status changed. down --> up,,2025-03-10T02:07:09.123Z,0,
67ce4989767f29d66fa91aea,host,warning,SW Fl.4,EVENT,[SW Fl.4] Interface GigabitEthernet6 Operational Status changed. up --> down,,2025-03-10T02:08:09.132Z,0,
67ce49c5767f29d66fa97fd4,host,warning,SW Fl.4,EVENT,[SW Fl.4] Interface GigabitEthernet6 Operational Status changed. down --> up,,2025-03-10T02:09:09.110Z,0,
67ce49c6b79d719491a0be08,item,warning,SW Fl.4,RESOLVED,last(Total Inbound Traffic) > 2.2 M,2025-03-10T02:12:08.139Z,2025-03-10T02:09:10.135Z,0,67c8091e9afaa0bdd32e63bd
67ce4af2b79d719491a0be09,item,warning,SW Fl.4,RESOLVED,last(Total Inbound Traffic) > 2.2 M,2025-03-10T02:15:08.145Z,2025-03-10T02:14:10.126Z,0,67c8091e9afaa0bdd32e63bd
67ce4c1eb79d719491a0be0a,item,warning,SW Fl.4,RESOLVED,last(Total Inbound Traffic) > 2.2 M,2025-03-10T02:21:08.152Z,2025-03-10T02:19:10.158Z,0,67c8091e9afaa0bdd32e63bd
67ce4d4ab79d719491a0be0b,item,warning,SW Fl.4,RESOLVED,last(Total Inbound Traffic) > 2.2 M,2025-03-10T02:27:08.164Z,2025-03-10T02:24:10.160Z,0,67c8091e9afaa0bdd32e63bd
67ce4dc1767f29d66fb06c23,host,warning,SW Fl.5,EVENT,[SW Fl.5] Interface GigabitEthernet16 Operational Status changed. down --> up,,2025-03-10T02:26:09.984Z,0,
67ce4e76b79d719491a0be0c,item,warning,SW Fl.4,RESOLVED,last(Total Inbound Traffic) > 2.2 M,2025-03-10T02:30:08.166Z,2025-03-10T02:29:10.132Z,0,67c8091e9afaa0bdd32e63bd
67ce4fa2b79d719491a0be0d,item,warning,SW Fl.4,RESOLVED,last(Total Inbound Traffic) > 2.2 M,2025-03-10T02:36:08.174Z,2025-03-10T02:34:10.128Z,0,67c8091e9afaa0bdd32e63bd
67ce50ceb79d719491a0be0e,item,warning,SW Fl.4,RESOLVED,last(Total Inbound Traffic) > 2.2 M,2025-03-10T02:42:08.179Z,2025-03-10T02:39:10.135Z,0,67c8091e9afaa0bdd32e63bd
67ce51fab79d719491a0be0f,item,warning,SW Fl.4,RESOLVED,last(Total Inbound Traffic) > 2.2 M,2025-03-10T02:45:08.180Z,2025-03-10T02:44:10.125Z,0,67c8091e9afaa0bdd32e63bd
67ce5326b79d719491a0be10,item,warning,SW Fl.4,RESOLVED,last(Total Inbound Traffic) > 2.2 M,2025-03-10T02:51:08.193Z,2025-03-10T02:49:10.204Z,0,67c8091e9afaa0bdd32e63bd
67ce5452b79d719491a0be11,item,warning,SW Fl.4,RESOLVED,last(Total Inbound Traffic) > 2.2 M,2025-03-10T02:57:08.195Z,2025-03-10T02:54:10.271Z,0,67c8091e9afaa0bdd32e63bd
67ce557eb79d719491a0be12,item,warning,SW Fl.4,RESOLVED,last(Total Inbound Traffic) > 2.2 M,2025-03-10T03:00:08.197Z,2025-03-10T02:59:10.209Z,0,67c8091e9afaa0bdd32e63bd
67ce56aab79d719491a0be13,item,warning,SW Fl.4,RESOLVED,last(Total Inbound Traffic) > 2.2 M,2025-03-10T03:09:10.614Z,2025-03-10T03:04:10.234Z,0,67c8091e9afaa0bdd32e63bd
67ce692e767f29d66fdef38d,host,warning,SW Fl.5,EVENT,[SW Fl.5] Interface GigabitEthernet16 Operational Status changed. up --> down,,2025-03-10T04:23:10.370Z,0,
67ce6969767f29d66fdf3dfc,host,warning,SW Fl.4,EVENT,[SW Fl.4] Interface GigabitEthernet5 Operational Status changed. up --> down,,2025-03-10T04:24:09.637Z,0,
67ce744223546d91df778f77,host,warning,SW Fl.4,EVENT,[SW Fl.4] Interface GigabitEthernet6 Operational Status changed. up --> down,,2025-03-10T05:10:26.859Z,0,
67ce747e23546d91df77f6e1,host,warning,SW Fl.4,EVENT,[SW Fl.4] Interface GigabitEthernet6 Operational Status changed. down --> up,,2025-03-10T05:11:26.863Z,0,
67ce7cb223546d91df85d9fc,host,warning,SW Fl.4,EVENT,[SW Fl.4] Interface GigabitEthernet1 Operational Status changed. down --> up,,2025-03-10T05:46:26.967Z,0,
67ce8616b79d719491a0be14,item,warning,SW Fl.4,RESOLVED,last(Total Inbound Traffic) > 2.2 M,2025-03-10T06:30:30.491Z,2025-03-10T06:26:30.416Z,0,67c8091e9afaa0bdd32e63bd
67ce96896ddb64c755375963,host,warning,SW Fl.4,EVENT,[SW Fl.4] Interface GigabitEthernet38 Operational Status changed. down --> up,,2025-03-10T07:36:41.907Z,0,
67ce9921b79d719491a0be15,item,warning,SW Fl.4,RESOLVED,last(Total Inbound Traffic) > 2.2 M,2025-03-10T08:20:45.324Z,2025-03-10T07:47:45.313Z,0,67c8091e9afaa0bdd32e63bd
67ceb1444926007d52dd7949,host,warning,SW Fl.4,EVENT,[SW Fl.4] Interface GigabitEthernet38 Operational Status changed. up --> down,,2025-03-10T09:30:44.470Z,0,
67cec6f8d53c1312022cbb11,host,warning,SW Fl.4,EVENT,[SW Fl.4] Interface GigabitEthernet6 Operational Status changed. up --> down,,2025-03-10T11:03:20.244Z,0,
67cec734d53c1312022d1f1b,host,warning,SW Fl.4,EVENT,[SW Fl.4] Interface GigabitEthernet6 Operational Status changed. down --> up,,2025-03-10T11:04:20.254Z,0,
67cf36c5d53c131202ea2ad5,host,warning,SW Fl.4,EVENT,[SW Fl.4] Interface GigabitEthernet6 Operational Status changed. up --> down,,2025-03-10T19:00:21.647Z,0,
67cf3701d53c131202ea8edd,host,warning,SW Fl.4,EVENT,[SW Fl.4] Interface GigabitEthernet6 Operational Status changed. down --> up,,2025-03-10T19:01:21.652Z,0,
67cf953bd53c1312028a3d33,host,warning,SW Fl.5,EVENT,[SW Fl.5] Interface GigabitEthernet16 Operational Status changed. down --> up,,2025-03-11T01:43:23.377Z,0,
67cfa03ed53c1312029cd225,host,warning,SW Fl.4,EVENT,[SW Fl.4] Interface GigabitEthernet5 Operational Status changed. down --> up,,2025-03-11T02:30:22.946Z,0,
67cfadd7d53c131202b3d6ab,host,warning,SW Fl.4,EVENT,[SW Fl.4] Interface GigabitEthernet5 Operational Status changed. up --> down,,2025-03-11T03:28:23.111Z,0,
67cfb20fd53c131202bafb9c,host,warning,SW Fl.4,EVENT,[SW Fl.4] Interface GigabitEthernet5 Operational Status changed. down --> up,,2025-03-11T03:46:23.164Z,0,
67cfb51bd53c131202c039a8,host,warning,SW Fl.5,EVENT,[SW Fl.5] Interface GigabitEthernet5 Operational Status changed. down --> up,,2025-03-11T03:59:23.863Z,0,
67cfea3d896754cbdc9e3a9f,host,warning,SW Fl.4,EVENT,[SW Fl.4] Interface GigabitEthernet14 Operational Status changed. up --> down,,2025-03-11T07:46:05.019Z,0,
67cfea79896754cbdc9ea0f0,host,warning,SW Fl.4,EVENT,[SW Fl.4] Interface GigabitEthernet14 Operational Status changed. down --> up,,2025-03-11T07:47:05.015Z,0,
67cff2e9896754cbdcace5bc,host,warning,SW Fl.4,EVENT,[SW Fl.4] Interface GigabitEthernet6 Operational Status changed. up --> down,,2025-03-11T08:23:05.120Z,0,
67cff325896754cbdcad4a0c,host,warning,SW Fl.4,EVENT,[SW Fl.4] Interface GigabitEthernet6 Operational Status changed. down --> up,,2025-03-11T08:24:05.103Z,0,
67cff3640c1ab31dc11ad2ec,item,warning,SW Fl.4,RESOLVED,last(Total Inbound Traffic) > 2.2 M,2025-03-11T09:01:08.204Z,2025-03-11T08:25:08.187Z,0,67c8091e9afaa0bdd32e63bd
67d0029d896754cbdcc77fcd,host,warning,SW Fl.5,EVENT,[SW Fl.5] Interface GigabitEthernet16 Operational Status changed. up --> down,,2025-03-11T09:30:05.892Z,0,
67d00a1e896754cbdcd43544,host,warning,SW Fl.5,EVENT,[SW Fl.5] Interface GigabitEthernet5 Operational Status changed. up --> down,,2025-03-11T10:02:06.067Z,0,
67d0456a896754cbdc389f26,host,warning,SW Fl.4,EVENT,[SW Fl.4] Interface GigabitEthernet6 Operational Status changed. up --> down,,2025-03-11T14:15:06.525Z,0,
67d045a6896754cbdc39046c,host,warning,SW Fl.4,EVENT,[SW Fl.4] Interface GigabitEthernet6 Operational Status changed. down --> up,,2025-03-11T14:16:06.563Z,0,
67d0a5fb896754cbdcdc33f3,host,warning,SW Fl.4,EVENT,[SW Fl.4] Interface GigabitEthernet6 Operational Status changed. up --> down,,2025-03-11T21:07:07.514Z,0,
67d0a637896754cbdcdc9903,host,warning,SW Fl.4,EVENT,[SW Fl.4] Interface GigabitEthernet6 Operational Status changed. down --> up,,2025-03-11T21:08:07.542Z,0,
67d0ac8b896754cbdce74f01,host,warning,SW Fl.4,EVENT,[SW Fl.4] Interface GigabitEthernet6 Operational Status changed. up --> down,,2025-03-11T21:35:07.684Z,0,
67d0acc8896754cbdce7c292,host,warning,SW Fl.4,EVENT,[SW Fl.4] Interface GigabitEthernet6 Operational Status changed. down --> up,,2025-03-11T21:36:08.000Z,0,
67d0d068896754cbdc24096a,host,warning,SW Fl.4,EVENT,[SW Fl.4] Interface GigabitEthernet6 Operational Status changed. up --> down,,2025-03-12T00:08:08.036Z,0,
67d0d0a4896754cbdc246e5f,host,warning,SW Fl.4,EVENT,[SW Fl.4] Interface GigabitEthernet6 Operational Status changed. down --> up,,2025-03-12T00:09:08.044Z,0,
67d0e2b10c1ab31dc11ad2ed,item,warning,SW Fl.4,RESOLVED,last(Total Inbound Traffic) > 2.2 M,2025-03-12T01:48:09.356Z,2025-03-12T01:26:09.266Z,0,67c8091e9afaa0bdd32e63bd
67d0ea6d896754cbdc502c43,host,warning,SW Fl.5,EVENT,[SW Fl.5] Interface GigabitEthernet16 Operational Status changed. down --> up,,2025-03-12T01:59:09.154Z,0,
67d0f2a10c1ab31dc11ad2ee,item,warning,SW Fl.4,RESOLVED,last(Total Inbound Traffic) > 2.2 M,2025-03-12T05:30:10.102Z,2025-03-12T02:34:09.861Z,0,67c8091e9afaa0bdd32e63bd
67d10bf0896754cbdc88b9bd,host,warning,SW Fl.4,EVENT,[SW Fl.4] Interface GigabitEthernet6 Operational Status changed. up --> down,,2025-03-12T04:22:08.841Z,0,
67d10c2c896754cbdc891de3,host,warning,SW Fl.4,EVENT,[SW Fl.4] Interface GigabitEthernet6 Operational Status changed. down --> up,,2025-03-12T04:23:08.803Z,0,
67d10d1d896754cbdc8ace1a,host,warning,SW Fl.5,EVENT,[SW Fl.5] Interface GigabitEthernet16 Operational Status changed. up --> down,,2025-03-12T04:27:09.521Z,0,
67d11064896754cbdc90427a,host,warning,SW Fl.4,EVENT,[SW Fl.4] Interface GigabitEthernet5 Operational Status changed. up --> down,,2025-03-12T04:41:08.985Z,0,
67d12fcd896754cbdcc57f13,host,warning,SW Fl.5,EVENT,[SW Fl.5] Interface GigabitEthernet6 Operational Status changed. up --> down,,2025-03-12T06:55:09.870Z,0,
67d13009896754cbdcc5e34d,host,warning,SW Fl.5,EVENT,[SW Fl.5] Interface GigabitEthernet6 Operational Status changed. down --> up,,2025-03-12T06:56:09.876Z,0,
67d133c9896754cbdccc3fd9,host,warning,SW Fl.5,EVENT,[SW Fl.5] Interface GigabitEthernet16 Operational Status changed. down --> up,,2025-03-12T07:12:09.912Z,0,
67d13699896754cbdcd0e51d,host,warning,SW Fl.4,EVENT,[SW Fl.4] Interface GigabitEthernet5 Operational Status changed. down --> up,,2025-03-12T07:24:09.195Z,0,
67d15332896754cbdc015389,host,warning,SW Fl.5,EVENT,[SW Fl.5] Interface GigabitEthernet16 Operational Status changed. up --> down,,2025-03-12T09:26:10.265Z,0,
67d15ead896754cbdc14b1cb,host,warning,SW Fl.4,EVENT,[SW Fl.4] Interface GigabitEthernet6 Operational Status changed. up --> down,,2025-03-12T10:15:09.911Z,0,
67d15ee9896754cbdc1513bf,host,warning,SW Fl.4,EVENT,[SW Fl.4] Interface GigabitEthernet6 Operational Status changed. down --> up,,2025-03-12T10:16:09.880Z,0,
67d19e6e896754cbdc809d0f,host,warning,SW Fl.4,EVENT,[SW Fl.4] Interface GigabitEthernet6 Operational Status changed. up --> down,,2025-03-12T14:47:10.711Z,0,
67d19eaa896754cbdc810437,host,warning,SW Fl.4,EVENT,[SW Fl.4] Interface GigabitEthernet6 Operational Status changed. down --> up,,2025-03-12T14:48:10.875Z,0,
67d1a62a896754cbdc8db6ee,host,warning,SW Fl.4,EVENT,[SW Fl.4] Interface GigabitEthernet6 Operational Status changed. up --> down,,2025-03-12T15:20:10.729Z,0,
67d1a666896754cbdc8e1bd0,host,warning,SW Fl.4,EVENT,[SW Fl.4] Interface GigabitEthernet6 Operational Status changed. down --> up,,2025-03-12T15:21:10.810Z,0,
67d1bbbb896754cbdcb2396a,host,warning,SW Fl.4,EVENT,[SW Fl.4] Interface GigabitEthernet6 Operational Status changed. up --> down,,2025-03-12T16:52:11.026Z,0,
67d1bbf7896754cbdcb29e6f,host,warning,SW Fl.4,EVENT,[SW Fl.4] Interface GigabitEthernet6 Operational Status changed. down --> up,,2025-03-12T16:53:11.064Z,0,
67d1d277896754cbdcd8b483,host,warning,SW Fl.4,EVENT,[SW Fl.4] Interface GigabitEthernet6 Operational Status changed. up --> down,,2025-03-12T18:29:11.348Z,0,
67d1d2b3896754cbdcd91af0,host,warning,SW Fl.4,EVENT,[SW Fl.4] Interface GigabitEthernet6 Operational Status changed. down --> up,,2025-03-12T18:30:11.270Z,0,
67d1fca7896754cbdc2027f7,host,warning,SW Fl.4,EVENT,[SW Fl.4] Interface GigabitEthernet6 Operational Status changed. up --> down,,2025-03-12T21:29:11.945Z,0,
67d1fce3896754cbdc2087e6,host,warning,SW Fl.4,EVENT,[SW Fl.4] Interface GigabitEthernet6 Operational Status changed. down --> up,,2025-03-12T21:30:11.718Z,0,
67d22264896754cbdc600b9c,host,warning,SW Fl.4,EVENT,[SW Fl.4] Interface GigabitEthernet6 Operational Status changed. up --> down,,2025-03-13T00:10:12.276Z,0,
67d222dc896754cbdc60d56a,host,warning,SW Fl.4,EVENT,[SW Fl.4] Interface GigabitEthernet6 Operational Status changed. down --> up,,2025-03-13T00:12:12.166Z,0,
67d224bc896754cbdc641f6a,host,warning,SW Fl.5,EVENT,[SW Fl.5] Interface GigabitEthernet7 Operational Status changed. up --> down,,2025-03-13T00:20:12.938Z,0,
67d224f8896754cbdc648318,host,warning,SW Fl.5,EVENT,[SW Fl.5] Interface GigabitEthernet7 Operational Status changed. down --> up,,2025-03-13T00:21:12.937Z,0,
67d2359c896754cbdc80930a,host,warning,SW Fl.4,EVENT,[SW Fl.4] Interface GigabitEthernet6 Operational Status changed. up --> down,,2025-03-13T01:32:12.508Z,0,
67d235d8896754cbdc80f790,host,warning,SW Fl.4,EVENT,[SW Fl.4] Interface GigabitEthernet6 Operational Status changed. down --> up,,2025-03-13T01:33:12.462Z,0,
67d236c8896754cbdc828ed3,host,warning,SW Fl.4,EVENT,[SW Fl.4] Interface GigabitEthernet6 Operational Status changed. up --> down,,2025-03-13T01:37:12.543Z,0,
67d23704896754cbdc82f35c,host,warning,SW Fl.4,EVENT,[SW Fl.4] Interface GigabitEthernet6 Operational Status changed. down --> up,,2025-03-13T01:38:12.455Z,0,
67d23e85896754cbdc8fc2e4,host,warning,SW Fl.5,EVENT,[SW Fl.5] Interface GigabitEthernet5 Operational Status changed. down --> up,,2025-03-13T02:10:13.232Z,0,
67d251bc896754cbdcb02cb5,host,warning,SW Fl.4,EVENT,[SW Fl.4] Interface GigabitEthernet6 Operational Status changed. up --> down,,2025-03-13T03:32:12.801Z,0,
67d251f8896754cbdcb091df,host,warning,SW Fl.4,EVENT,[SW Fl.4] Interface GigabitEthernet6 Operational Status changed. down --> up,,2025-03-13T03:33:12.800Z,0,
67d259f1896754cbdcbe296a,host,warning,SW Fl.5,EVENT,[SW Fl.5] Interface GigabitEthernet16 Operational Status changed. down --> up,,2025-03-13T04:07:13.563Z,0,
67d25cc0896754cbdcc2cd83,host,warning,SW Fl.4,EVENT,[SW Fl.4] Interface GigabitEthernet8 Operational Status changed. up --> down,,2025-03-13T04:19:12.925Z,0,
67d25cca0c1ab31dc11ad2ef,host,critical,HP,RESOLVED,HP [10.10.181.20] is down. Please check your SNMP configuration or device status.,2025-03-13T04:20:12.160Z,2025-03-13T04:19:22.127Z,0,
67d25cfd896754cbdcc33ad0,host,warning,SW Fl.4,EVENT,[SW Fl.4] Interface GigabitEthernet8 Operational Status changed. down --> up,,2025-03-13T04:20:13.119Z,0,
67d262d9896754cbdccd188c,host,warning,SW Fl.4,EVENT,[SW Fl.4] Interface GigabitEthernet13 Operational Status changed. down --> up,,2025-03-13T04:45:13.042Z,0,
67d26350896754cbdccde320,host,warning,SW Fl.4,EVENT,[SW Fl.4] Interface GigabitEthernet12 Operational Status changed. down --> up,,2025-03-13T04:47:12.969Z,0,
67d26350896754cbdccde322,host,warning,SW Fl.4,EVENT,[SW Fl.4] Interface GigabitEthernet13 Operational Status changed. up --> down,,2025-03-13T04:47:12.971Z,0,
67d274320c1ab31dc11ad2f0,item,warning,SW Fl.4,RESOLVED,last(Total Inbound Traffic) > 2.2 M,2025-03-13T06:02:14.261Z,2025-03-13T05:59:14.257Z,0,67c8091e9afaa0bdd32e63bd
67d27b75896754cbdcf6b4cb,host,warning,SW Fl.4,EVENT,[SW Fl.4] Interface GigabitEthernet12 Operational Status changed. up --> down,,2025-03-13T06:30:13.141Z,0,
67d27e81896754cbdcfbd8e9,host,warning,SW Fl.4,EVENT,[SW Fl.4] Interface GigabitEthernet6 Operational Status changed. up --> down,,2025-03-13T06:43:13.132Z,0,
67d27ebd896754cbdcfc3d4a,host,warning,SW Fl.4,EVENT,[SW Fl.4] Interface GigabitEthernet6 Operational Status changed. down --> up,,2025-03-13T06:44:13.154Z,0,
67d28025896754cbdcfe9e87,host,warning,SW Fl.4,EVENT,[SW Fl.4] Interface GigabitEthernet6 Operational Status changed. up --> down,,2025-03-13T06:50:13.169Z,0,
67d28061896754cbdcff02e1,host,warning,SW Fl.4,EVENT,[SW Fl.4] Interface GigabitEthernet6 Operational Status changed. down --> up,,2025-03-13T06:51:13.187Z,0,
67d295b5896754cbdc23158e,host,warning,SW Fl.4,EVENT,[SW Fl.4] Interface GigabitEthernet6 Operational Status changed. up --> down,,2025-03-13T08:22:13.493Z,0,
67d295f1896754cbdc237a85,host,warning,SW Fl.4,EVENT,[SW Fl.4] Interface GigabitEthernet6 Operational Status changed. down --> up,,2025-03-13T08:23:13.505Z,0,
67d29f16896754cbdc330930,host,warning,SW Fl.5,EVENT,[SW Fl.5] Interface GigabitEthernet16 Operational Status changed. up --> down,,2025-03-13T09:02:14.289Z,0,
67d2a132896754cbdc3697d7,host,warning,SW Fl.5,EVENT,[SW Fl.5] Interface GigabitEthernet5 Operational Status changed. up --> down,,2025-03-13T09:11:14.285Z,0,
67d2a299896754cbdc38e0b4,host,warning,SW Fl.4,EVENT,[SW Fl.4] Interface GigabitEthernet6 Operational Status changed. up --> down,,2025-03-13T09:17:13.632Z,0,
67d2a311896754cbdc39a89a,host,warning,SW Fl.4,EVENT,[SW Fl.4] Interface GigabitEthernet6 Operational Status changed. down --> up,,2025-03-13T09:19:13.540Z,0,
67d2b15d896754cbdc51dc9a,host,warning,SW Fl.4,EVENT,[SW Fl.4] Interface GigabitEthernet6 Operational Status changed. up --> down,,2025-03-13T10:20:13.740Z,0,
67d2b199896754cbdc524119,host,warning,SW Fl.4,EVENT,[SW Fl.4] Interface GigabitEthernet6 Operational Status changed. down --> up,,2025-03-13T10:21:13.708Z,0,
67d2c5c2896754cbdc74639f,host,warning,SW Fl.4,EVENT,[SW Fl.4] Interface GigabitEthernet6 Operational Status changed. up --> down,,2025-03-13T11:47:14.234Z,0,
67d2c5fe896754cbdc74c94b,host,warning,SW Fl.4,EVENT,[SW Fl.4] Interface GigabitEthernet6 Operational Status changed. down --> up,,2025-03-13T11:48:14.243Z,0,
67d2caea896754cbdc7d2004,host,warning,SW Fl.4,EVENT,[SW Fl.4] Interface GigabitEthernet6 Operational Status changed. up --> down,,2025-03-13T12:09:14.246Z,0,
67d2cb26896754cbdc7d863d,host,warning,SW Fl.4,EVENT,[SW Fl.4] Interface GigabitEthernet6 Operational Status changed. down --> up,,2025-03-13T12:10:14.243Z,0,
67d2dc7e896754cbdc9ae35c,host,warning,SW Fl.4,EVENT,[SW Fl.4] Interface GigabitEthernet6 Operational Status changed. up --> down,,2025-03-13T13:24:14.504Z,0,
67d2dcba896754cbdc9b49c1,host,warning,SW Fl.4,EVENT,[SW Fl.4] Interface GigabitEthernet6 Operational Status changed. down --> up,,2025-03-13T13:25:14.432Z,0,
67d2e07a896754cbdca1a1ce,host,warning,SW Fl.4,EVENT,[SW Fl.4] Interface GigabitEthernet6 Operational Status changed. up --> down,,2025-03-13T13:41:14.503Z,0,
67d2e0b6896754cbdca213f0,host,warning,SW Fl.4,EVENT,[SW Fl.4] Interface GigabitEthernet6 Operational Status changed. down --> up,,2025-03-13T13:42:14.844Z,0,
67d2ece6896754cbdcb6af0a,host,warning,SW Fl.4,EVENT,[SW Fl.4] Interface GigabitEthernet6 Operational Status changed. up --> down,,2025-03-13T14:34:14.778Z,0,
67d2ed22896754cbdcb712f6,host,warning,SW Fl.4,EVENT,[SW Fl.4] Interface GigabitEthernet6 Operational Status changed. down --> up,,2025-03-13T14:35:14.751Z,0,
67d31806896754cbdcffb17e,host,warning,SW Fl.4,EVENT,[SW Fl.4] Interface GigabitEthernet6 Operational Status changed. up --> down,,2025-03-13T17:38:14.959Z,0,
67d31843896754cbdc00192d,host,warning,SW Fl.4,EVENT,[SW Fl.4] Interface GigabitEthernet6 Operational Status changed. down --> up,,2025-03-13T17:39:15.031Z,0,
67d321a2896754cbdc0ff88c,host,warning,SW Fl.4,EVENT,[SW Fl.4] Interface GigabitEthernet6 Operational Status changed. up --> down,,2025-03-13T18:19:14.990Z,0,
67d321de896754cbdc105ce5,host,warning,SW Fl.4,EVENT,[SW Fl.4] Interface GigabitEthernet6 Operational Status changed. down --> up,,2025-03-13T18:20:14.994Z,0,
67d3299b896754cbdc1d73bb,host,warning,SW Fl.4,EVENT,[SW Fl.4] Interface GigabitEthernet6 Operational Status changed. up --> down,,2025-03-13T18:53:15.115Z,0,
67d329d7896754cbdc1ddad0,host,warning,SW Fl.4,EVENT,[SW Fl.4] Interface GigabitEthernet6 Operational Status changed. down --> up,,2025-03-13T18:54:15.088Z,0,
67d3376f896754cbdc34dbdd,host,warning,SW Fl.4,EVENT,[SW Fl.4] Interface GigabitEthernet6 Operational Status changed. up --> down,,2025-03-13T19:52:15.128Z,0,
67d337ab896754cbdc35403c,host,warning,SW Fl.4,EVENT,[SW Fl.4] Interface GigabitEthernet6 Operational Status changed. down --> up,,2025-03-13T19:53:15.152Z,0,
67d34f1b896754cbdc5cf0b5,host,warning,SW Fl.4,EVENT,[SW Fl.4] Interface GigabitEthernet6 Operational Status changed. up --> down,,2025-03-13T21:33:15.311Z,0,
67d34f57896754cbdc5d5956,host,warning,SW Fl.4,EVENT,[SW Fl.4] Interface GigabitEthernet6 Operational Status changed. down --> up,,2025-03-13T21:34:15.386Z,0,
67d35803896754cbdc6c05eb,host,warning,SW Fl.4,EVENT,[SW Fl.4] Interface GigabitEthernet6 Operational Status changed. up --> down,,2025-03-13T22:11:15.408Z,0,
67d3583f896754cbdc6c6dff,host,warning,SW Fl.4,EVENT,[SW Fl.4] Interface GigabitEthernet6 Operational Status changed. down --> up,,2025-03-13T22:12:15.493Z,0,
67d37ba3896754cbdca85544,host,warning,SW Fl.4,EVENT,[SW Fl.4] Interface GigabitEthernet6 Operational Status changed. up --> down,,2025-03-14T00:43:15.767Z,0,
67d37bdf896754cbdca8bcaa,host,warning,SW Fl.4,EVENT,[SW Fl.4] Interface GigabitEthernet6 Operational Status changed. down --> up,,2025-03-14T00:44:15.795Z,0,
67d38143896754cbdcb1df18,host,warning,SW Fl.4,EVENT,[SW Fl.4] Interface GigabitEthernet6 Operational Status changed. up --> down,,2025-03-14T01:07:15.772Z,0,
67d3817f896754cbdcb2434c,host,warning,SW Fl.4,EVENT,[SW Fl.4] Interface GigabitEthernet6 Operational Status changed. down --> up,,2025-03-14T01:08:15.742Z,0,
67d3ab39896754cbdcf8f275,host,warning,SW Fl.5,EVENT,[SW Fl.5] Interface GigabitEthernet25 Operational Status changed. up --> down,,2025-03-14T04:06:17.075Z,0,
67d3ab390c1ab31dc11ad2f1,item,warning,SW Fl.4,RESOLVED,last(Total Inbound Traffic) > 2.2 M,2025-03-14T04:09:17.468Z,2025-03-14T04:06:17.431Z,0,67c8091e9afaa0bdd32e63bd
67d3ad19896754cbdcfc214e,host,warning,SW Fl.5,EVENT,[SW Fl.5] Interface GigabitEthernet25 Operational Status changed. down --> up,,2025-03-14T04:14:17.068Z,0,
67d3b5c5896754cbdc0ac609,host,warning,SW Fl.5,EVENT,[SW Fl.5] Interface GigabitEthernet16 Operational Status changed. down --> up,,2025-03-14T04:51:17.099Z,0,
67d3b6b5896754cbdc0c5c91,host,warning,SW Fl.5,EVENT,[SW Fl.5] Interface GigabitEthernet5 Operational Status changed. down --> up,,2025-03-14T04:55:17.064Z,0,
67d3ced8896754cbdc350387,host,warning,SW Fl.4,EVENT,[SW Fl.4] Interface GigabitEthernet6 Operational Status changed. up --> down,,2025-03-14T06:38:16.543Z,0,
67d3cf14896754cbdc356a4e,host,warning,SW Fl.4,EVENT,[SW Fl.4] Interface GigabitEthernet6 Operational Status changed. down --> up,,2025-03-14T06:39:16.523Z,0,
67d3e0a9896754cbdc53325d,host,warning,SW Fl.5,EVENT,[SW Fl.5] Interface GigabitEthernet16 Operational Status changed. up --> down,,2025-03-14T07:54:17.295Z,0,
67d3e300896754cbdc5712c6,host,warning,SW Fl.4,EVENT,[SW Fl.4] Interface GigabitEthernet5 Operational Status changed. up --> down,,2025-03-14T08:04:16.562Z,0,
67d3e469896754cbdc598ae7,host,warning,SW Fl.5,EVENT,[SW Fl.5] Interface GigabitEthernet6 Operational Status changed. up --> down,,2025-03-14T08:10:17.302Z,0,
67d3e4a5896754cbdc59eea8,host,warning,SW Fl.5,EVENT,[SW Fl.5] Interface GigabitEthernet6 Operational Status changed. down --> up,,2025-03-14T08:11:17.292Z,0,
67d3ea80896754cbdc63bfad,host,warning,SW Fl.4,EVENT,[SW Fl.4] Interface GigabitEthernet6 Operational Status changed. up --> down,,2025-03-14T08:36:16.794Z,0,
67d3eabc896754cbdc6425bd,host,warning,SW Fl.4,EVENT,[SW Fl.4] Interface GigabitEthernet6 Operational Status changed. down --> up,,2025-03-14T08:37:16.687Z,0,
67d3efe5896754cbdc6cfb9c,host,warning,SW Fl.5,EVENT,[SW Fl.5] Interface GigabitEthernet5 Operational Status changed. up --> down,,2025-03-14T08:59:17.521Z,0,
67d406a1896754cbdc9359dc,host,warning,SW Fl.4,EVENT,[SW Fl.4] Interface GigabitEthernet6 Operational Status changed. up --> down,,2025-03-14T10:36:17.248Z,0,
67d406dd896754cbdc93c129,host,warning,SW Fl.4,EVENT,[SW Fl.4] Interface GigabitEthernet6 Operational Status changed. down --> up,,2025-03-14T10:37:17.242Z,0,
67d40d31896754cbdc9e7be6,host,warning,SW Fl.4,EVENT,[SW Fl.4] Interface GigabitEthernet6 Operational Status changed. up --> down,,2025-03-14T11:04:17.271Z,0,
67d40d6d896754cbdc9ee065,host,warning,SW Fl.4,EVENT,[SW Fl.4] Interface GigabitEthernet6 Operational Status changed. down --> up,,2025-03-14T11:05:17.312Z,0,
67d4d7b3896754cbdcf5660b,host,warning,SW Fl.4,EVENT,[SW Fl.4] Interface GigabitEthernet6 Operational Status changed. up --> down,,2025-03-15T01:28:19.272Z,0,
67d4d7ef896754cbdcf5cd0f,host,warning,SW Fl.4,EVENT,[SW Fl.4] Interface GigabitEthernet6 Operational Status changed. down --> up,,2025-03-15T01:29:19.286Z,0,
67d5021f896754cbdc3d3c4c,host,warning,SW Fl.4,EVENT,[SW Fl.4] Interface GigabitEthernet6 Operational Status changed. up --> down,,2025-03-15T04:29:19.539Z,0,
67d5025b896754cbdc3da131,host,warning,SW Fl.4,EVENT,[SW Fl.4] Interface GigabitEthernet6 Operational Status changed. down --> up,,2025-03-15T04:30:19.536Z,0,
67d5106b896754cbdc557211,host,warning,SW Fl.4,EVENT,[SW Fl.4] Interface GigabitEthernet6 Operational Status changed. up --> down,,2025-03-15T05:30:19.630Z,0,
67d510a7896754cbdc55d689,host,warning,SW Fl.4,EVENT,[SW Fl.4] Interface GigabitEthernet6 Operational Status changed. down --> up,,2025-03-15T05:31:19.675Z,0,
67d53ad8896754cbdc9d47cb,host,warning,SW Fl.4,EVENT,[SW Fl.4] Interface GigabitEthernet6 Operational Status changed. up --> down,,2025-03-15T08:31:20.013Z,0,
67d53b13896754cbdc9dae57,host,warning,SW Fl.4,EVENT,[SW Fl.4] Interface GigabitEthernet6 Operational Status changed. down --> up,,2025-03-15T08:32:19.963Z,0,
67d55734896754cbdccd4abf,host,warning,SW Fl.4,EVENT,[SW Fl.4] Interface GigabitEthernet6 Operational Status changed. up --> down,,2025-03-15T10:32:20.117Z,0,
67d55770896754cbdccdaf61,host,warning,SW Fl.4,EVENT,[SW Fl.4] Interface GigabitEthernet6 Operational Status changed. down --> up,,2025-03-15T10:33:20.137Z,0,
67d5af91896754cbdc62e5bf,host,warning,SW Fl.4,EVENT,[SW Fl.4] Interface GigabitEthernet6 Operational Status changed. up --> down,,2025-03-15T16:49:21.061Z,0,
67d5afcd896754cbdc634a75,host,warning,SW Fl.4,EVENT,[SW Fl.4] Interface GigabitEthernet6 Operational Status changed. down --> up,,2025-03-15T16:50:21.091Z,0,
67d5de35896754cbdcb1e31d,host,warning,SW Fl.4,EVENT,[SW Fl.4] Interface GigabitEthernet6 Operational Status changed. up --> down,,2025-03-15T20:08:21.315Z,0,
67d5de71896754cbdcb24a87,host,warning,SW Fl.4,EVENT,[SW Fl.4] Interface GigabitEthernet6 Operational Status changed. down --> up,,2025-03-15T20:09:21.356Z,0,
67d60a09896754cbdcfc2251,host,warning,SW Fl.4,EVENT,[SW Fl.4] Interface GigabitEthernet6 Operational Status changed. up --> down,,2025-03-15T23:15:21.968Z,0,
67d60a45896754cbdcfc869e,host,warning,SW Fl.4,EVENT,[SW Fl.4] Interface GigabitEthernet6 Operational Status changed. down --> up,,2025-03-15T23:16:21.941Z,0,
67d60afa896754cbdcfdb95c,host,warning,SW Fl.4,EVENT,[SW Fl.4] Interface GigabitEthernet6 Operational Status changed. up --> down,,2025-03-15T23:19:22.004Z,0,
67d60b36896754cbdcfe1e5f,host,warning,SW Fl.4,EVENT,[SW Fl.4] Interface GigabitEthernet6 Operational Status changed. down --> up,,2025-03-15T23:20:22.086Z,0,
67d61946896754cbdc15ef16,host,warning,SW Fl.4,EVENT,[SW Fl.4] Interface GigabitEthernet6 Operational Status changed. up --> down,,2025-03-16T00:20:22.192Z,0,
67d61982896754cbdc1653b2,host,warning,SW Fl.4,EVENT,[SW Fl.4] Interface GigabitEthernet6 Operational Status changed. down --> up,,2025-03-16T00:21:22.141Z,0,
67d683af896754cbdcca22f4,host,warning,SW Fl.4,EVENT,[SW Fl.4] Interface GigabitEthernet6 Operational Status changed. up --> down,,2025-03-16T07:54:23.141Z,0,
67d683eb896754cbdcca8806,host,warning,SW Fl.4,EVENT,[SW Fl.4] Interface GigabitEthernet6 Operational Status changed. down --> up,,2025-03-16T07:55:23.158Z,0,
67d6a87b896754cbdc08743e,host,warning,SW Fl.4,EVENT,[SW Fl.4] Interface GigabitEthernet6 Operational Status changed. up --> down,,2025-03-16T10:31:23.761Z,0,
67d6a8b7896754cbdc08d867,host,warning,SW Fl.4,EVENT,[SW Fl.4] Interface GigabitEthernet6 Operational Status changed. down --> up,,2025-03-16T10:32:23.684Z,0,
67d6d504896754cbdc53d7ca,host,warning,SW Fl.4,EVENT,[SW Fl.4] Interface GigabitEthernet6 Operational Status changed. up --> down,,2025-03-16T13:41:24.206Z,0,
67d6d540896754cbdc5442e0,host,warning,SW Fl.4,EVENT,[SW Fl.4] Interface GigabitEthernet6 Operational Status changed. down --> up,,2025-03-16T13:42:24.356Z,0,
67d6d900896754cbdc5a9364,host,warning,SW Fl.4,EVENT,[SW Fl.4] Interface GigabitEthernet6 Operational Status changed. up --> down,,2025-03-16T13:58:24.190Z,0,
67d6d93c896754cbdc5afc06,host,warning,SW Fl.4,EVENT,[SW Fl.4] Interface GigabitEthernet6 Operational Status changed. down --> up,,2025-03-16T13:59:24.255Z,0,
67d6fa0c896754cbdc928d04,host,warning,SW Fl.4,EVENT,[SW Fl.4] Interface GigabitEthernet6 Operational Status changed. up --> down,,2025-03-16T16:19:24.464Z,0,
67d6fa48896754cbdc92f146,host,warning,SW Fl.4,EVENT,[SW Fl.4] Interface GigabitEthernet6 Operational Status changed. down --> up,,2025-03-16T16:20:24.470Z,0,
67d70d80896754cbdcb37da3,host,warning,SW Fl.4,EVENT,[SW Fl.4] Interface GigabitEthernet6 Operational Status changed. up --> down,,2025-03-16T17:42:24.761Z,0,
67d70dbc896754cbdcb3e228,host,warning,SW Fl.4,EVENT,[SW Fl.4] Interface GigabitEthernet6 Operational Status changed. down --> up,,2025-03-16T17:43:24.728Z,0,
67d78365896754cbdc7b2422,host,warning,SW Fl.4,EVENT,[SW Fl.4] Interface GigabitEthernet6 Operational Status changed. up --> down,,2025-03-17T02:05:25.778Z,0,
67d783a1896754cbdc7b88f8,host,warning,SW Fl.4,EVENT,[SW Fl.4] Interface GigabitEthernet6 Operational Status changed. down --> up,,2025-03-17T02:06:25.762Z,0,
67d785bd896754cbdc7f1afe,host,warning,SW Fl.4,EVENT,[SW Fl.4] Interface GigabitEthernet5 Operational Status changed. down --> up,,2025-03-17T02:15:25.839Z,0,
67d78e6a896754cbdc8de236,host,warning,SW Fl.5,EVENT,[SW Fl.5] Interface GigabitEthernet16 Operational Status changed. down --> up,,2025-03-17T02:52:26.574Z,0,
67d793cf0c1ab31dc11ad2f3,item,warning,SW Fl.4,RESOLVED,last(Total Inbound Traffic) > 2.2 M,2025-03-17T05:04:27.353Z,2025-03-17T03:15:27.063Z,0,67c8091e9afaa0bdd32e63bd
67d794bd896754cbdc9877ba,host,warning,SW Fl.4,EVENT,[SW Fl.4] Interface GigabitEthernet38 Operational Status changed. down --> up,,2025-03-17T03:19:25.992Z,0,
67d7a382896754cbdcb18ce6,host,warning,SW Fl.5,EVENT,[SW Fl.5] Interface GigabitEthernet6 Operational Status changed. up --> down,,2025-03-17T04:22:26.912Z,0,
67d7a3be896754cbdcb1f06a,host,warning,SW Fl.5,EVENT,[SW Fl.5] Interface GigabitEthernet6 Operational Status changed. down --> up,,2025-03-17T04:23:26.788Z,0,
67d7a742896754cbdcb7c143,host,warning,SW Fl.4,EVENT,[SW Fl.4] Interface GigabitEthernet6 Operational Status changed. up --> down,,2025-03-17T04:38:26.172Z,0,
67d7a77e896754cbdcb827bb,host,warning,SW Fl.4,EVENT,[SW Fl.4] Interface GigabitEthernet6 Operational Status changed. down --> up,,2025-03-17T04:39:26.143Z,0,
67d7ab3e896754cbdcbe7c8c,host,warning,SW Fl.4,EVENT,[SW Fl.4] Interface GigabitEthernet38 Operational Status changed. up --> down,,2025-03-17T04:55:26.280Z,0,
67d7b156896754cbdcc8ccfa,host,warning,SW Fl.4,EVENT,[SW Fl.4] Interface GigabitEthernet6 Operational Status changed. up --> down,,2025-03-17T05:21:26.334Z,0,
67d7b192896754cbdcc93405,host,warning,SW Fl.4,EVENT,[SW Fl.4] Interface GigabitEthernet6 Operational Status changed. down --> up,,2025-03-17T05:22:26.337Z,0,
67d7ccfe896754cbdcf788c8,host,warning,SW Fl.4,EVENT,[SW Fl.4] Interface GigabitEthernet6 Operational Status changed. up --> down,,2025-03-17T07:19:26.452Z,0,
67d7cd3a896754cbdcf7ed6f,host,warning,SW Fl.4,EVENT,[SW Fl.4] Interface GigabitEthernet6 Operational Status changed. down --> up,,2025-03-17T07:20:26.536Z,0,
67d7d78b896754cbdc0978f2,host,warning,SW Fl.5,EVENT,[SW Fl.5] Interface GigabitEthernet16 Operational Status changed. up --> down,,2025-03-17T08:04:27.245Z,0,
67d7e0af0c1ab31dc11ad2f4,item,warning,SW Fl.4,RESOLVED,last(Total Inbound Traffic) > 2.2 M,2025-03-17T09:04:27.782Z,2025-03-17T08:43:27.805Z,0,67c8091e9afaa0bdd32e63bd
67d7ee82896754cbdc30361b,host,warning,SW Fl.4,EVENT,[SW Fl.4] Interface GigabitEthernet5 Operational Status changed. up --> down,,2025-03-17T09:42:26.851Z,0,
67d7ef730c1ab31dc11ad2f5,item,warning,SW Fl.4,RESOLVED,last(Total Inbound Traffic) > 2.2 M,2025-03-17T09:59:27.954Z,2025-03-17T09:46:27.923Z,0,67c8091e9afaa0bdd32e63bd
67d801bb896754cbdc50c2f0,host,warning,SW Fl.4,EVENT,[SW Fl.4] Interface GigabitEthernet6 Operational Status changed. up --> down,,2025-03-17T11:04:27.007Z,0,
67d801f7896754cbdc51286e,host,warning,SW Fl.4,EVENT,[SW Fl.4] Interface GigabitEthernet6 Operational Status changed. down --> up,,2025-03-17T11:05:27.056Z,0,
67d83a73896754cbdcb0cdc8,host,warning,SW Fl.4,EVENT,[SW Fl.4] Interface GigabitEthernet6 Operational Status changed. up --> down,,2025-03-17T15:06:27.848Z,0,
67d83aeb896754cbdcb19a28,host,warning,SW Fl.4,EVENT,[SW Fl.4] Interface GigabitEthernet6 Operational Status changed. down --> up,,2025-03-17T15:08:27.909Z,0,
67d83e6f896754cbdcb78c84,host,warning,SW Fl.4,EVENT,[SW Fl.4] Interface GigabitEthernet6 Operational Status changed. up --> down,,2025-03-17T15:23:27.902Z,0,
67d83eab896754cbdcb7f39a,host,warning,SW Fl.4,EVENT,[SW Fl.4] Interface GigabitEthernet6 Operational Status changed. down --> up,,2025-03-17T15:24:27.875Z,0,
67d8480c896754cbdcc7f2bf,host,warning,SW Fl.5,EVENT,[SW Fl.5] Interface GigabitEthernet7 Operational Status changed. up --> down,,2025-03-17T16:04:28.660Z,0,
67d8480c896754cbdcc7f2bd,host,warning,SW Fl.5,EVENT,[SW Fl.5] Interface GigabitEthernet6 Operational Status changed. up --> down,,2025-03-17T16:04:28.658Z,0,
67d8480c896754cbdcc7f2c7,host,warning,SW Fl.5,EVENT,[SW Fl.5] Interface GigabitEthernet20 Operational Status changed. up --> down,,2025-03-17T16:04:28.674Z,0,
67d89348896754cbdc473bdb,host,warning,SW Fl.4,EVENT,[SW Fl.4] Interface GigabitEthernet6 Operational Status changed. up --> down,,2025-03-17T21:25:28.460Z,0,
67d89384896754cbdc47a03b,host,warning,SW Fl.4,EVENT,[SW Fl.4] Interface GigabitEthernet6 Operational Status changed. down --> up,,2025-03-17T21:26:28.398Z,0,
67d8b724896754cbdc83f3db,host,warning,SW Fl.4,EVENT,[SW Fl.4] Interface GigabitEthernet6 Operational Status changed. up --> down,,2025-03-17T23:58:28.891Z,0,
67d8b760896754cbdc845b54,host,warning,SW Fl.4,EVENT,[SW Fl.4] Interface GigabitEthernet6 Operational Status changed. down --> up,,2025-03-17T23:59:28.927Z,0,
67d8d435896754cbdcb52e62,host,warning,SW Fl.4,EVENT,[SW Fl.4] Interface GigabitEthernet5 Operational Status changed. down --> up,,2025-03-18T02:02:29.211Z,0,
67d8d6c9896754cbdcb9a9b6,host,warning,SW Fl.5,EVENT,[SW Fl.5] Interface GigabitEthernet16 Operational Status changed. down --> up,,2025-03-18T02:13:29.910Z,0,
67d8e155896754cbdccb5d66,host,warning,SW Fl.4,EVENT,[SW Fl.4] Interface GigabitEthernet6 Operational Status changed. up --> down,,2025-03-18T02:58:29.437Z,0,
67d8e191896754cbdccbc462,host,warning,SW Fl.4,EVENT,[SW Fl.4] Interface GigabitEthernet6 Operational Status changed. down --> up,,2025-03-18T02:59:29.437Z,0,
67d8e2fa896754cbdcce4797,host,warning,SW Fl.5,EVENT,[SW Fl.5] Interface GigabitEthernet6 Operational Status changed. down --> up,,2025-03-18T03:05:30.266Z,0,
67d8e2fa896754cbdcce4799,host,warning,SW Fl.5,EVENT,[SW Fl.5] Interface GigabitEthernet7 Operational Status changed. down --> up,,2025-03-18T03:05:30.269Z,0,
67d8e2fa896754cbdcce47f4,host,warning,SW Fl.5,EVENT,[SW Fl.5] Interface GigabitEthernet20 Operational Status changed. down --> up,,2025-03-18T03:05:30.287Z,0,
67d8e6050c1ab31dc11ad2f6,item,critical,SW Fl.5,RESOLVED,last(Total Inbound Traffic) > 78 M,2025-03-18T04:29:29.585Z,2025-03-18T03:18:29.417Z,0,67c6f5e7a5bd055af15dac50
67d8f5ba896754cbdcedf972,host,warning,SW Fl.5,EVENT,[SW Fl.5] Interface GigabitEthernet16 Operational Status changed. up --> down,,2025-03-18T04:25:30.411Z,0,
67d9317f0c1ab31dc11ad2f7,item,warning,SW Fl.4,RESOLVED,last(Total Inbound Traffic) > 2.2 M,2025-03-18T09:27:31.424Z,2025-03-18T08:40:31.405Z,0,67c8091e9afaa0bdd32e63bd
67d93edb0c1ab31dc11ad2f8,item,warning,SW Fl.4,RESOLVED,last(Total Inbound Traffic) > 2.2 M,2025-03-18T09:41:31.448Z,2025-03-18T09:37:31.426Z,0,67c8091e9afaa0bdd32e63bd
67d955d3896754cbdc906a4e,host,warning,SW Fl.5,EVENT,[SW Fl.5] Interface GigabitEthernet6 Operational Status changed. up --> down,,2025-03-18T11:15:31.158Z,0,
67d955d3896754cbdc906a50,host,warning,SW Fl.5,EVENT,[SW Fl.5] Interface GigabitEthernet7 Operational Status changed. up --> down,,2025-03-18T11:15:31.159Z,0,
67d955d3896754cbdc906a54,host,warning,SW Fl.5,EVENT,[SW Fl.5] Interface GigabitEthernet17 Operational Status changed. up --> down,,2025-03-18T11:15:31.182Z,0,
67d955d3896754cbdc906a56,host,warning,SW Fl.5,EVENT,[SW Fl.5] Interface GigabitEthernet18 Operational Status changed. up --> down,,2025-03-18T11:15:31.182Z,0,
67d955d3896754cbdc906a58,host,warning,SW Fl.5,EVENT,[SW Fl.5] Interface GigabitEthernet20 Operational Status changed. up --> down,,2025-03-18T11:15:31.183Z,0,
67d955d3896754cbdc906a5a,host,warning,SW Fl.5,EVENT,[SW Fl.5] Interface GigabitEthernet22 Operational Status changed. up --> down,,2025-03-18T11:15:31.184Z,0,
67d955d3896754cbdc906a5c,host,warning,SW Fl.5,EVENT,[SW Fl.5] Interface GigabitEthernet24 Operational Status changed. up --> down,,2025-03-18T11:15:31.184Z,0,
67d955d3896754cbdc906a63,host,warning,SW Fl.5,EVENT,[SW Fl.5] Interface GigabitEthernet50 Operational Status changed. up --> down,,2025-03-18T11:15:31.207Z,0,
67d955db0c1ab31dc11ad2f9,host,critical,SW Fl.4,RESOLVED,SW Fl.4 [10.10.183.216] is down. Please check your SNMP configuration or device status.,2025-03-18T11:46:34.746Z,2025-03-18T11:15:39.681Z,0,
67d955db0c1ab31dc11ad2fa,host,critical,516 Room,RESOLVED,516 Room [10.10.183.51] is down. Please check your SNMP configuration or device status.,2025-03-18T11:49:35.762Z,2025-03-18T11:15:39.694Z,0,
67d955db0c1ab31dc11ad2fb,host,critical,HP,RESOLVED,HP [10.10.181.20] is down. Please check your SNMP configuration or device status.,2025-03-18T11:46:34.769Z,2025-03-18T11:15:39.701Z,0,
67d955db0c1ab31dc11ad2fc,host,critical,Brother MCF-2140,RESOLVED,Brother MCF-2140 [10.10.181.79] is down. Please check your SNMP configuration or device status.,2025-03-18T11:46:34.762Z,2025-03-18T11:15:39.704Z,0,
67d9599b0c1ab31dc11ad2fd,host,critical,SW Fl.5,RESOLVED,SW Fl.5 [10.10.183.215] is down. Please check your SNMP configuration or device status.,2025-03-18T11:46:34.760Z,2025-03-18T11:31:39.722Z,0,
67d95d53896754cbdc9c3653,host,warning,SW Fl.5,EVENT,[SW Fl.5] Interface GigabitEthernet17 Operational Status changed. down --> up,,2025-03-18T11:47:31.262Z,0,
67d95d53896754cbdc9c3655,host,warning,SW Fl.5,EVENT,[SW Fl.5] Interface GigabitEthernet18 Operational Status changed. down --> up,,2025-03-18T11:47:31.263Z,0,
67d95d53896754cbdc9c3659,host,warning,SW Fl.5,EVENT,[SW Fl.5] Interface GigabitEthernet24 Operational Status changed. down --> up,,2025-03-18T11:47:31.268Z,0,
67d95d53896754cbdc9c3657,host,warning,SW Fl.5,EVENT,[SW Fl.5] Interface GigabitEthernet22 Operational Status changed. down --> up,,2025-03-18T11:47:31.267Z,0,
67d95d53896754cbdc9c3677,host,warning,SW Fl.5,EVENT,[SW Fl.5] Interface GigabitEthernet50 Operational Status changed. down --> up,,2025-03-18T11:47:31.298Z,0,
67d96b9e896754cbdcb44b81,host,warning,SW Fl.4,EVENT,[SW Fl.4] Interface GigabitEthernet6 Operational Status changed. up --> down,,2025-03-18T12:48:30.839Z,0,
67d96bda896754cbdcb4af9b,host,warning,SW Fl.4,EVENT,[SW Fl.4] Interface GigabitEthernet6 Operational Status changed. down --> up,,2025-03-18T12:49:30.760Z,0,
67d97e23896754cbdcd3aa62,host,warning,SW Fl.4,EVENT,[SW Fl.4] Interface GigabitEthernet6 Operational Status changed. up --> down,,2025-03-18T14:07:31.250Z,0,
67d97e5f896754cbdcd411c8,host,warning,SW Fl.4,EVENT,[SW Fl.4] Interface GigabitEthernet6 Operational Status changed. down --> up,,2025-03-18T14:08:31.325Z,0,
67d996bf896754cbdcfd5296,host,warning,SW Fl.4,EVENT,[SW Fl.4] Interface GigabitEthernet6 Operational Status changed. up --> down,,2025-03-18T15:52:31.531Z,0,
67d996fb896754cbdcfdb6fb,host,warning,SW Fl.4,EVENT,[SW Fl.4] Interface GigabitEthernet6 Operational Status changed. down --> up,,2025-03-18T15:53:31.450Z,0,
67d9ad400c1ab31dc11ad2fe,item,warning,SW Fl.4,RESOLVED,last(Total Inbound Traffic) > 2.2 M,2025-03-18T17:31:33.527Z,2025-03-18T17:28:32.922Z,0,67c8091e9afaa0bdd32e63bd
67d9b627896754cbdc3280fb,host,warning,SW Fl.4,EVENT,[SW Fl.4] Interface GigabitEthernet6 Operational Status changed. up --> down,,2025-03-18T18:06:31.842Z,0,
67d9b663896754cbdc32e804,host,warning,SW Fl.4,EVENT,[SW Fl.4] Interface GigabitEthernet6 Operational Status changed. down --> up,,2025-03-18T18:07:31.845Z,0,
67d9ba23896754cbdc393f2f,host,warning,SW Fl.4,EVENT,[SW Fl.4] Interface GigabitEthernet6 Operational Status changed. up --> down,,2025-03-18T18:23:31.871Z,0,
67d9ba5f896754cbdc39a618,host,warning,SW Fl.4,EVENT,[SW Fl.4] Interface GigabitEthernet6 Operational Status changed. down --> up,,2025-03-18T18:24:31.919Z,0,
67d9cec4896754cbdc5c28b0,host,warning,SW Fl.4,EVENT,[SW Fl.4] Interface GigabitEthernet6 Operational Status changed. up --> down,,2025-03-18T19:51:32.002Z,0,
67d9ceff896754cbdc5c8ffd,host,warning,SW Fl.4,EVENT,[SW Fl.4] Interface GigabitEthernet6 Operational Status changed. down --> up,,2025-03-18T19:52:32.000Z,0,
67d9e3a0896754cbdc7f7ff1,host,warning,SW Fl.4,EVENT,[SW Fl.4] Interface GigabitEthernet6 Operational Status changed. up --> down,,2025-03-18T21:20:32.145Z,0,
67d9e3dc896754cbdc7fe422,host,warning,SW Fl.4,EVENT,[SW Fl.4] Interface GigabitEthernet6 Operational Status changed. down --> up,,2025-03-18T21:21:32.082Z,0,
67d9f2a0896754cbdc98e49f,host,warning,SW Fl.4,EVENT,[SW Fl.4] Interface GigabitEthernet6 Operational Status changed. up --> down,,2025-03-18T22:24:32.162Z,0,
67d9f2dc896754cbdc994928,host,warning,SW Fl.4,EVENT,[SW Fl.4] Interface GigabitEthernet6 Operational Status changed. down --> up,,2025-03-18T22:25:32.148Z,0,
67da0fec896754cbdcca7ad9,host,warning,SW Fl.4,EVENT,[SW Fl.4] Interface GigabitEthernet6 Operational Status changed. up --> down,,2025-03-19T00:29:32.367Z,0,
67da1028896754cbdccae02e,host,warning,SW Fl.4,EVENT,[SW Fl.4] Interface GigabitEthernet6 Operational Status changed. down --> up,,2025-03-19T00:30:32.318Z,0,
67da16b8896754cbdcd5fa5a,host,warning,SW Fl.4,EVENT,[SW Fl.4] Interface GigabitEthernet6 Operational Status changed. up --> down,,2025-03-19T00:58:32.417Z,0,
67da16f4896754cbdcd66183,host,warning,SW Fl.4,EVENT,[SW Fl.4] Interface GigabitEthernet6 Operational Status changed. down --> up,,2025-03-19T00:59:32.486Z,0,
67da18990c1ab31dc11ad300,item,warning,SW Fl.4,RESOLVED,last(Total Inbound Traffic) > 2.2 M,2025-03-19T01:59:33.686Z,2025-03-19T01:06:33.563Z,0,67c8091e9afaa0bdd32e63bd
67da2361896754cbdceb8679,host,warning,SW Fl.5,EVENT,[SW Fl.5] Interface GigabitEthernet6 Operational Status changed. down --> up,,2025-03-19T01:52:33.193Z,0,
67da2361896754cbdceb867b,host,warning,SW Fl.5,EVENT,[SW Fl.5] Interface GigabitEthernet7 Operational Status changed. down --> up,,2025-03-19T01:52:33.194Z,0,
67da2361896754cbdceb867f,host,warning,SW Fl.5,EVENT,[SW Fl.5] Interface GigabitEthernet20 Operational Status changed. down --> up,,2025-03-19T01:52:33.209Z,0,
67da29f1896754cbdcf6a47d,host,warning,SW Fl.5,EVENT,[SW Fl.5] Interface GigabitEthernet16 Operational Status changed. down --> up,,2025-03-19T02:20:33.397Z,0,
67da2f55896754cbdcffc19b,host,warning,SW Fl.5,EVENT,[SW Fl.5] Interface GigabitEthernet30 Operational Status changed. down --> up,,2025-03-19T02:43:33.324Z,0,
67da3009896754cbdc00efea,host,warning,SW Fl.5,EVENT,[SW Fl.5] Interface GigabitEthernet25 Operational Status changed. up --> down,,2025-03-19T02:46:33.283Z,0,
67da3045896754cbdc015676,host,warning,SW Fl.5,EVENT,[SW Fl.5] Interface GigabitEthernet25 Operational Status changed. down --> up,,2025-03-19T02:47:33.281Z,0,
67da39e1896754cbdc119a6a,host,warning,SW Fl.5,EVENT,[SW Fl.5] Interface GigabitEthernet30 Operational Status changed. up --> down,,2025-03-19T03:28:33.438Z,0,
67da3a950c1ab31dc11ad301,item,warning,SW Fl.4,RESOLVED,last(Total Inbound Traffic) > 2.2 M,2025-03-19T04:44:34.120Z,2025-03-19T03:31:33.807Z,0,67c8091e9afaa0bdd32e63bd
67da5331896754cbdc3c7470,host,warning,SW Fl.5,EVENT,[SW Fl.5] Interface GigabitEthernet7 Operational Status changed. up --> down,,2025-03-19T05:16:33.883Z,0,
67da536d896754cbdc3cdafd,host,warning,SW Fl.5,EVENT,[SW Fl.5] Interface GigabitEthernet7 Operational Status changed. down --> up,,2025-03-19T05:17:33.864Z,0,
67da563d896754cbdc417ee9,host,warning,SW Fl.4,EVENT,[SW Fl.4] Interface GigabitEthernet6 Operational Status changed. up --> down,,2025-03-19T05:29:33.349Z,0,
67da5679896754cbdc41f03b,host,warning,SW Fl.4,EVENT,[SW Fl.4] Interface GigabitEthernet6 Operational Status changed. down --> up,,2025-03-19T05:30:33.621Z,0,
67da5aee0c1ab31dc11ad302,item,warning,SW Fl.4,RESOLVED,last(Total Inbound Traffic) > 2.2 M,2025-03-19T09:17:34.798Z,2025-03-19T05:49:34.537Z,0,67c8091e9afaa0bdd32e63bd
67da5dbe896754cbdc4e4a30,host,warning,SW Fl.5,EVENT,[SW Fl.5] Interface GigabitEthernet1 Operational Status changed. down --> up,,2025-03-19T06:01:34.097Z,0,
67da8775896754cbdc94b459,host,warning,SW Fl.4,EVENT,[SW Fl.4] Interface GigabitEthernet8 Operational Status changed. up --> down,,2025-03-19T08:59:33.618Z,0,
67da877e0c1ab31dc11ad303,host,critical,HP,RESOLVED,HP [10.10.181.20] is down. Please check your SNMP configuration or device status.,2025-03-19T09:00:32.893Z,2025-03-19T08:59:42.884Z,0,
67da87b1896754cbdc951bd1,host,warning,SW Fl.4,EVENT,[SW Fl.4] Interface GigabitEthernet8 Operational Status changed. down --> up,,2025-03-19T09:00:33.701Z,0,
67da8bad896754cbdc9bd829,host,warning,SW Fl.4,EVENT,[SW Fl.4] Interface GigabitEthernet6 Operational Status changed. up --> down,,2025-03-19T09:17:33.683Z,0,
67da8be9896754cbdc9c3d3f,host,warning,SW Fl.4,EVENT,[SW Fl.4] Interface GigabitEthernet6 Operational Status changed. down --> up,,2025-03-19T09:18:33.740Z,0,
67da9279896754cbdca757b5,host,warning,SW Fl.4,EVENT,[SW Fl.4] Interface GigabitEthernet5 Operational Status changed. up --> down,,2025-03-19T09:46:33.694Z,0,
67da92f1896754cbdca822b7,host,warning,SW Fl.4,EVENT,[SW Fl.4] Interface GigabitEthernet1 Operational Status changed. up --> down,,2025-03-19T09:48:33.715Z,0,
67da932d896754cbdca88964,host,warning,SW Fl.4,EVENT,[SW Fl.4] Interface GigabitEthernet1 Operational Status changed. down --> up,,2025-03-19T09:49:33.739Z,0,
67da9c8d896754cbdcb867dc,host,warning,SW Fl.4,EVENT,[SW Fl.4] Interface GigabitEthernet11 Operational Status changed. up --> down,,2025-03-19T10:29:33.736Z,0,
67da9c8e896754cbdcb88547,host,warning,SW Fl.5,EVENT,[SW Fl.5] Interface GigabitEthernet18 Operational Status changed. up --> down,,2025-03-19T10:29:34.511Z,0,
67da9cca896754cbdcb8e4fe,host,warning,SW Fl.5,EVENT,[SW Fl.5] Interface GigabitEthernet18 Operational Status changed. down --> up,,2025-03-19T10:30:34.470Z,0,
67da9db90c1ab31dc11ad304,item,warning,SW Fl.5,RESOLVED,last(Total Inbound Traffic) > 60 M,2025-03-19T10:37:33.699Z,2025-03-19T10:34:33.683Z,0,67c6f5d7a5bd055af15dac35
67da9e6e896754cbdcbbaa40,host,warning,SW Fl.5,EVENT,[SW Fl.5] Interface GigabitEthernet16 Operational Status changed. up --> down,,2025-03-19T10:37:34.478Z,0,
